name,sample,query,subject,position,gender,celltype,treatment
22,2,C,G,6,M,H,Dosed
4,1,G,T,7,M,T,Control
11,1,G,-,7,F,NH,Control
23,1,G,T,7,M,T,Dosed
1,1,A,-,8,M,T,Control
1,9,A,-,8,M,H,Control
4,1,A,-,8,M,H,Control
4,1,A,-,8,M,NH,Control
4,2,A,-,8,M,T,Control
4,8,A,-,8,M,T,Control
4,10,A,-,8,M,T,Control
6,8,A,-,8,M,NH,Dosed
7,4,A,-,8,M,NH,Dosed
10,1,A,G,8,F,H,Control
11,1,A,-,8,F,NH,Control
14,5,A,-,8,M,NH,Dosed
2,2,T,-,13,F,H,Dosed
2,10,T,-,13,F,H,Dosed
13,2,T,-,13,F,H,Control
7,7,G,A,26,M,H,Dosed
23,3,G,T,26,M,H,Dosed
26,2,G,T,26,M,H,Control
3,12,G,A,27,F,H,Dosed
7,4,G,C,33,M,NH,Dosed
6,2,T,C,34,M,NH,Dosed
6,3,T,C,34,M,NH,Dosed
6,6,T,C,34,M,NH,Dosed
6,9,T,C,34,M,NH,Dosed
6,11,-,C,34,M,NH,Dosed
6,14,T,C,34,M,NH,Dosed
7,1,T,C,34,M,H,Dosed
7,4,T,C,34,M,NH,Dosed
7,11,T,C,34,M,H,Dosed
7,12,-,C,34,M,NH,Dosed
6,7,T,C,35,M,H,Dosed
7,9,T,C,35,M,NH,Dosed
26,3,T,C,35,M,NH,Control
26,7,T,C,35,M,NH,Control
27,3,T,C,35,M,H,Control
6,11,G,T,36,M,NH,Dosed
7,4,G,T,36,M,NH,Dosed
7,10,G,T,36,M,NH,Dosed
2,11,C,A,37,F,H,Dosed
3,4,C,A,37,F,NH,Dosed
6,6,C,T,37,M,NH,Dosed
6,9,C,A,37,M,NH,Dosed
6,11,C,T,37,M,H,Dosed
6,12,C,T,37,M,H,Dosed
6,14,-,T,37,M,NH,Dosed
6,15,C,T,37,M,H,Dosed
7,1,C,T,37,M,H,Dosed
7,3,C,T,37,M,NH,Dosed
7,5,C,T,37,M,T,Dosed
7,9,C,T,37,M,H,Dosed
7,9,C,T,37,M,NH,Dosed
7,15,C,T,37,M,NH,Dosed
14,1,C,A,37,M,NH,Dosed
6,7,A,T,38,M,H,Dosed
26,4,A,T,38,M,H,Control
27,3,A,T,38,M,H,Control
3,1,G,T,39,F,NH,Dosed
6,7,G,T,39,M,H,Dosed
7,4,T,G,41,M,NH,Dosed
7,14,T,-,51,M,T,Dosed
5,9,T,C,56,M,T,Dosed
10,2,G,A,58,F,NH,Control
3,8,C,A,59,F,H,Dosed
5,6,C,A,59,M,H,Dosed
7,10,C,-,63,M,T,Dosed
3,1,C,T,64,F,NH,Dosed
5,10,C,T,64,M,NH,Dosed
6,4,C,T,64,M,NH,Dosed
7,4,C,T,64,M,T,Dosed
10,2,C,T,64,F,H,Control
10,4,C,T,64,F,NH,Control
14,3,C,T,64,M,T,Dosed
25,1,C,T,64,M,H,Control
3,14,G,T,79,F,H,Dosed
5,8,G,T,79,M,NH,Dosed
5,15,C,T,82,M,H,Dosed
2,3,G,A,86,F,H,Dosed
4,2,G,A,86,M,T,Control
4,4,G,A,87,M,H,Control
14,6,A,T,88,M,H,Dosed
26,3,G,A,92,M,NH,Control
5,2,C,A,101,M,NH,Dosed
6,8,C,A,101,M,NH,Dosed
7,1,C,A,101,M,T,Dosed
7,6,C,A,101,M,T,Dosed
14,2,C,A,101,M,T,Dosed
22,7,C,A,101,M,H,Dosed
22,10,C,A,101,M,H,Dosed
23,13,C,A,101,M,H,Dosed
10,2,G,T,103,F,NH,Control
27,2,-,T,104,M,NH,Control
14,2,G,A,107,M,H,Dosed
5,1,C,A,108,M,H,Dosed
6,13,C,A,108,M,NH,Dosed
14,11,C,A,108,M,H,Dosed
1,4,C,T,109,M,T,Control
3,3,C,T,109,F,NH,Dosed
3,15,C,A,109,F,H,Dosed
4,2,C,T,109,M,NH,Control
14,13,C,G,109,M,T,Dosed
14,16,C,A,109,M,H,Dosed
1,1,G,A,110,M,T,Control
2,6,G,A,110,F,NH,Dosed
3,2,G,T,110,F,NH,Dosed
4,5,G,A,110,M,H,Control
5,5,G,T,110,M,H,Dosed
5,11,G,A,110,M,T,Dosed
5,13,G,A,110,M,H,Dosed
6,1,G,T,110,M,T,Dosed
6,5,G,A,110,M,T,Dosed
6,10,G,A,110,M,T,Dosed
6,13,G,A,110,M,T,Dosed
6,14,G,T,110,M,T,Dosed
7,7,G,A,110,M,T,Dosed
7,15,G,A,110,M,T,Dosed
10,2,G,A,110,F,NH,Control
10,3,G,A,110,F,H,Control
10,6,G,A,110,F,H,Control
11,4,G,A,110,F,H,Control
13,1,G,A,110,F,H,Control
13,2,G,A,110,F,H,Control
14,5,G,A,110,M,NH,Dosed
22,8,G,T,110,M,H,Dosed
23,8,G,A,110,M,H,Dosed
26,8,G,A,110,M,NH,Control
27,3,G,A,110,M,H,Control
24,1,G,-,112,M,H,Control
24,1,G,-,113,M,H,Control
24,1,C,-,114,M,H,Control
1,10,G,A,115,M,H,Control
2,2,G,A,115,F,NH,Dosed
2,8,G,T,115,F,H,Dosed
3,2,G,T,115,F,H,Dosed
4,7,G,A,115,M,T,Control
5,1,G,T,115,M,NH,Dosed
5,4,G,T,115,M,H,Dosed
5,7,G,T,115,M,T,Dosed
5,8,G,T,115,M,H,Dosed
5,8,G,A,115,M,T,Dosed
5,10,G,T,115,M,H,Dosed
6,1,G,T,115,M,H,Dosed
6,2,G,T,115,M,H,Dosed
6,3,G,T,115,M,H,Dosed
6,4,G,T,115,M,H,Dosed
6,5,G,T,115,M,H,Dosed
6,6,G,T,115,M,H,Dosed
6,7,G,T,115,M,H,Dosed
6,8,G,T,115,M,H,Dosed
6,10,G,T,115,M,H,Dosed
6,11,G,T,115,M,H,Dosed
6,12,G,T,115,M,H,Dosed
6,13,G,T,115,M,H,Dosed
6,14,G,T,115,M,H,Dosed
6,15,G,T,115,M,H,Dosed
7,1,G,T,115,M,NH,Dosed
7,2,G,T,115,M,T,Dosed
7,2,G,T,115,M,NH,Dosed
7,3,G,T,115,M,NH,Dosed
7,4,G,T,115,M,NH,Dosed
7,5,G,T,115,M,H,Dosed
7,5,G,T,115,M,NH,Dosed
7,6,G,T,115,M,NH,Dosed
7,7,G,T,115,M,NH,Dosed
7,8,G,T,115,M,NH,Dosed
7,9,G,T,115,M,T,Dosed
7,9,G,T,115,M,NH,Dosed
7,10,G,T,115,M,NH,Dosed
7,11,G,T,115,M,T,Dosed
7,11,G,T,115,M,NH,Dosed
7,12,G,T,115,M,H,Dosed
7,12,G,T,115,M,NH,Dosed
7,13,G,T,115,M,NH,Dosed
7,14,G,T,115,M,NH,Dosed
7,15,G,T,115,M,NH,Dosed
7,19,G,A,115,M,T,Dosed
7,20,G,T,115,M,T,Dosed
10,5,G,A,115,F,NH,Control
11,1,G,A,115,F,H,Control
11,2,G,A,115,F,H,Control
12,4,G,A,115,F,H,Control
13,2,G,A,115,F,NH,Control
13,3,G,T,115,F,H,Control
14,4,G,T,115,M,H,Dosed
14,6,G,T,115,M,T,Dosed
14,7,G,A,115,M,H,Dosed
14,7,G,A,115,M,T,Dosed
14,8,G,T,115,M,T,Dosed
14,17,G,T,115,M,H,Dosed
22,1,G,A,115,M,NH,Dosed
22,6,G,T,115,M,H,Dosed
23,2,G,T,115,M,H,Dosed
23,11,G,T,115,M,H,Dosed
4,3,G,A,116,M,T,Control
4,6,G,A,116,M,T,Control
4,10,G,A,116,M,T,Control
4,12,G,A,116,M,T,Control
10,2,-,T,116,F,NH,Control
14,5,G,T,116,M,T,Dosed
14,9,G,T,116,M,H,Dosed
14,10,G,T,116,M,T,Dosed
26,7,G,T,116,M,NH,Control
2,13,G,A,128,F,H,Dosed
10,2,-,T,129,F,NH,Control
26,2,T,C,137,M,NH,Control
14,1,G,-,139,M,T,Dosed
2,3,C,A,140,F,NH,Dosed
2,4,C,A,140,F,H,Dosed
2,9,C,A,140,F,H,Dosed
2,10,C,A,140,F,NH,Dosed
3,11,C,A,140,F,H,Dosed
5,1,C,A,140,M,T,Dosed
5,4,C,A,140,M,T,Dosed
5,5,C,A,140,M,NH,Dosed
5,6,C,A,140,M,T,Dosed
5,7,C,A,140,M,H,Dosed
5,9,C,A,140,M,H,Dosed
5,9,C,A,140,M,NH,Dosed
5,10,C,A,140,M,T,Dosed
5,14,C,A,140,M,T,Dosed
6,7,C,A,140,M,NH,Dosed
7,2,C,A,140,M,H,Dosed
7,8,C,A,140,M,H,Dosed
7,10,C,A,140,M,H,Dosed
7,16,C,A,140,M,T,Dosed
7,18,C,A,140,M,T,Dosed
14,1,C,-,140,M,T,Dosed
14,2,C,A,140,M,NH,Dosed
14,4,C,A,140,M,NH,Dosed
14,14,C,A,140,M,H,Dosed
14,15,C,A,140,M,H,Dosed
22,1,C,A,140,M,H,Dosed
22,3,C,A,140,M,H,Dosed
22,4,C,A,140,M,H,Dosed
22,9,C,A,140,M,H,Dosed
22,11,C,A,140,M,H,Dosed
22,13,C,A,140,M,H,Dosed
22,17,C,A,140,M,H,Dosed
23,1,C,A,140,M,H,Dosed
23,2,C,A,140,M,T,Dosed
1,1,G,A,143,M,H,Control
2,7,G,T,143,F,H,Dosed
2,9,G,T,143,F,NH,Dosed
2,12,G,T,143,F,H,Dosed
10,1,G,A,143,F,NH,Control
12,2,G,A,143,F,NH,Control
23,15,G,T,143,M,H,Dosed
26,3,G,A,143,M,H,Control
27,3,G,A,143,M,NH,Control
10,2,T,A,144,F,NH,Control
1,5,G,T,145,M,T,Control
5,3,G,T,145,M,T,Dosed
5,7,G,T,145,M,NH,Dosed
27,1,G,T,145,M,NH,Control
5,10,C,A,148,M,T,Dosed
7,11,T,C,149,M,H,Dosed
26,1,C,-,160,M,NH,Control
10,2,G,T,166,F,NH,Control
1,6,C,-,170,M,H,Control
12,2,C,-,170,F,H,Control
5,12,G,A,176,M,T,Dosed
25,2,T,C,181,M,NH,Control
3,10,G,A,185,F,H,Dosed
6,3,G,T,185,M,NH,Dosed
14,12,G,T,185,M,H,Dosed
14,19,G,T,185,M,H,Dosed
6,6,C,G,186,M,NH,Dosed
7,3,A,C,188,M,T,Dosed
10,4,C,A,189,F,H,Control
23,12,C,A,189,M,H,Dosed
10,2,G,C,190,F,NH,Control
14,3,G,T,190,M,NH,Dosed
4,3,A,C,194,M,NH,Control
10,2,G,C,196,F,NH,Control
14,11,A,-,199,M,T,Dosed
2,7,G,C,206,F,NH,Dosed
5,4,G,C,206,M,NH,Dosed
5,4,-,A,207,M,NH,Dosed
3,4,G,T,208,F,H,Dosed
3,5,G,T,208,F,H,Dosed
3,6,G,T,208,F,H,Dosed
11,3,G,T,208,F,H,Control
14,8,G,T,208,M,H,Dosed
14,13,G,T,208,M,H,Dosed
22,16,G,T,208,M,H,Dosed
23,6,G,T,208,M,H,Dosed
1,2,G,-,232,M,H,Control
7,13,G,T,232,M,H,Dosed
10,2,G,C,232,F,NH,Control
13,1,G,T,232,F,NH,Control
1,2,A,-,233,M,H,Control
1,2,A,-,234,M,H,Control
1,2,G,-,235,M,H,Control
1,2,G,-,236,M,H,Control
1,2,C,-,237,M,H,Control
1,2,G,-,238,M,H,Control
1,2,A,-,239,M,H,Control
1,2,T,-,240,M,H,Control
1,2,G,-,241,M,H,Control
1,2,G,-,242,M,H,Control
1,2,C,-,243,M,H,Control
2,8,G,T,244,F,NH,Dosed
2,10,G,T,244,F,H,Dosed
7,9,G,T,244,M,H,Dosed
14,18,G,T,244,M,H,Dosed
23,7,G,T,244,M,H,Dosed
10,2,G,T,247,F,NH,Control
12,5,T,-,257,F,H,Control
12,5,T,-,258,F,H,Control
12,5,A,-,259,F,H,Control
6,8,A,C,263,M,T,Dosed
5,6,T,G,269,M,NH,Dosed
10,2,G,A,271,F,NH,Control
23,3,G,T,273,M,T,Dosed
5,5,G,T,274,M,T,Dosed
10,5,G,A,274,F,H,Control
12,1,G,A,274,F,NH,Control
22,5,G,T,274,M,H,Dosed
23,3,G,A,274,M,T,Dosed
4,2,A,G,275,M,H,Control
4,1,G,A,281,M,NH,Control
22,3,G,T,281,M,NH,Dosed
22,15,C,-,290,M,H,Dosed
10,2,G,A,297,F,NH,Control
6,6,T,-,299,M,T,Dosed
25,4,G,C,302,M,H,Control
23,6,G,T,304,M,T,Dosed
4,9,G,-,319,M,T,Control
4,11,G,-,319,M,T,Control
2,1,C,A,320,F,H,Dosed
2,1,C,A,320,F,NH,Dosed
2,2,C,A,320,F,H,Dosed
2,4,C,A,320,F,NH,Dosed
2,5,C,A,320,F,H,Dosed
2,5,C,A,320,F,NH,Dosed
2,6,C,A,320,F,H,Dosed
2,14,C,A,320,F,H,Dosed
2,15,C,A,320,F,H,Dosed
3,1,C,A,320,F,H,Dosed
3,2,C,A,320,F,NH,Dosed
3,3,C,A,320,F,H,Dosed
3,7,C,A,320,F,H,Dosed
3,9,C,A,320,F,H,Dosed
3,13,C,A,320,F,H,Dosed
5,2,C,A,320,M,H,Dosed
5,3,C,A,320,M,H,Dosed
5,11,C,A,320,M,H,Dosed
5,12,C,A,320,M,H,Dosed
5,13,C,A,320,M,T,Dosed
5,14,C,A,320,M,H,Dosed
5,15,C,A,320,M,T,Dosed
6,1,C,A,320,M,NH,Dosed
6,2,C,A,320,M,T,Dosed
6,2,C,A,320,M,NH,Dosed
6,4,C,A,320,M,T,Dosed
6,5,C,A,320,M,NH,Dosed
6,10,C,A,320,M,NH,Dosed
6,11,C,A,320,M,T,Dosed
6,11,C,A,320,M,NH,Dosed
6,14,C,A,320,M,NH,Dosed
7,1,C,A,320,M,H,Dosed
7,3,C,A,320,M,H,Dosed
7,4,C,A,320,M,H,Dosed
7,6,C,A,320,M,H,Dosed
7,12,C,A,320,M,T,Dosed
7,14,C,A,320,M,H,Dosed
14,11,C,A,320,M,H,Dosed
14,14,C,A,320,M,T,Dosed
14,15,C,A,320,M,T,Dosed
14,20,C,A,320,M,H,Dosed
22,2,C,A,320,M,NH,Dosed
22,4,C,A,320,M,NH,Dosed
22,12,C,A,320,M,H,Dosed
22,14,C,A,320,M,H,Dosed
22,18,C,A,320,M,H,Dosed
22,19,C,A,320,M,H,Dosed
22,20,C,A,320,M,H,Dosed
23,4,C,A,320,M,H,Dosed
23,9,C,A,320,M,H,Dosed
23,10,C,A,320,M,H,Dosed
23,14,C,A,320,M,H,Dosed
23,16,C,A,320,M,H,Dosed
2,14,G,T,321,F,H,Dosed
14,1,G,-,321,M,H,Dosed
6,5,C,A,324,M,NH,Dosed
6,12,G,C,340,M,NH,Dosed
13,3,A,T,345,F,NH,Control
10,2,G,A,348,F,NH,Control
25,2,T,-,351,M,H,Control
10,2,G,A,356,F,NH,Control
7,9,T,C,381,M,NH,Dosed
6,7,C,T,391,M,T,Dosed
7,9,G,C,401,M,NH,Dosed
26,4,G,T,401,M,H,Control
14,3,G,A,402,M,H,Dosed
25,3,G,T,402,M,H,Control
26,4,G,T,402,M,H,Control
1,9,G,T,406,M,H,Control
3,3,G,T,406,F,NH,Dosed
5,2,G,T,406,M,T,Dosed
10,3,G,T,406,F,NH,Control
5,3,C,A,409,M,NH,Dosed
26,4,C,A,409,M,NH,Control
26,5,C,A,409,M,NH,Control
14,4,A,G,410,M,T,Dosed
14,9,A,G,410,M,T,Dosed
7,9,G,C,411,M,NH,Dosed
14,10,C,A,413,M,H,Dosed
23,5,C,A,413,M,H,Dosed
7,9,G,C,414,M,NH,Dosed
3,5,T,A,415,F,NH,Dosed
27,4,T,C,415,M,H,Control
1,3,G,A,416,M,H,Control
1,4,G,A,416,M,H,Control
4,4,G,A,416,M,T,Control
6,9,G,A,416,M,H,Dosed
11,2,G,-,416,F,NH,Control
27,1,G,-,416,M,H,Control
27,2,G,-,416,M,H,Control
7,9,G,A,417,M,NH,Dosed
25,1,G,A,417,M,NH,Control
1,2,G,A,418,M,T,Control
6,3,G,A,418,M,T,Dosed
6,9,G,A,418,M,T,Dosed
6,12,G,A,418,M,T,Dosed
6,15,G,A,418,M,T,Dosed
7,9,G,T,418,M,NH,Dosed
7,17,G,A,418,M,T,Dosed
14,7,G,A,418,M,T,Dosed
14,12,G,A,418,M,T,Dosed
23,5,G,A,418,M,T,Dosed
1,5,A,T,419,M,H,Control
7,13,A,T,419,M,T,Dosed
4,3,T,A,422,M,H,Control
7,9,G,T,425,M,NH,Dosed
7,9,G,C,430,M,NH,Dosed
6,11,G,T,436,M,NH,Dosed
7,9,G,T,436,M,NH,Dosed
10,5,G,T,436,F,NH,Control
7,9,C,T,439,M,NH,Dosed
7,9,G,T,441,M,NH,Dosed
10,5,G,A,441,F,NH,Control
24,1,G,-,441,M,NH,Control
7,9,A,G,444,M,NH,Dosed
